Customer Service Representative,Hyderābād,Amazon India,3d,₹4L - ₹4L (Employer Est.)
Hair stylists,Hyderābād,W studio,30d+,₹18T (Employer Est.)
Skating Coach -Female,Hyderābād,Sadhana Infinity International School,2d,₹22T - ₹25T (Employer Est.)
Customer Service Representative,Hyderābād,Amazon India,3d
Skating Coach -Female,Hyderābād,Sadhana Infinity International School,2d
Registrar,Hyderābād,Paramitha Childrens Hospital Pvt Ltd,18d
Bus Captain,Hyderābād,intrCity by RailYtari,26d
Administrative Manager,Hyderābād,Sheena Biotech Private Limited,1 day ago
Physiotherapy Project Associate,Hyderābād,"BVR Projects Pvt Ltd.,",24h
Travel Consultant,Hyderābād,TripFriday,3d
Management Trainee,Hyderābād,Alvastra Organisation,16d
Social Media Intern,Hyderābād,MNV Digital Marketing,5d
Learning Associate | WFH,Hyderābād,eduCLaaS,4d
Opening for Freshers in Marketing and Business Communication,Hyderābād,ELIXIR,30d+
Office Admin,Hyderābād,DRG Job Placement Manpower Consultant Hyderabad,24h
Team Manager,Hyderābād,Cognizant,6d
Manager Accounts,Hyderābād,"DELHI PUBLIC SCHOOL, NACHARAM/NADERGUL",11d
Digital marketing executive,Hyderābād,Mmc india,2d
HR Trainee,Hyderābād,ACT Fibernet,26d
Hair stylists,Hyderābād,W studio,30d+
Clinical Research Coordinator,Hyderābād,PULSE CLINICAL RESEARCH,3d
HR,Hyderābād,HomeExperts,1 day ago
Audit Assistant,Hyderābād,M VENKATA RATNAM & ASSOCIATEES,6d
Data Entry Operator/Computer Operator,Hyderābād,Shree Yash Jewellers,30d+
IP Billing in Hospital (Male),Hyderābād,Mamata Fertility Hospital,1 day ago
Art Director,Hyderābād,Digital Mojo,2d
ADMIN,Secunderābād,STS,24h
Accounts Payable - Experienced,Hyderābād,Eastman,3d
"Relationship Manager, Retail Banking(Minimum 2 Years Work Experience)",Hyderābād,ICICI Bank Ltd,24d
CNC MILLING& TURNING OPERATORS,Hyderābād,DIVIS TECHNOLOGIES,24h
Front office executive,Hyderābād,Vbeyond Corporation,7d
Event Coordinator,Hyderābād,Geox Media Pvt Ltd,24d
HR Manager,Hyderābād,Goldsikka Limited,5d
Customer Service Representative,Hyderābād,Amazon India,3d
Skating Coach -Female,Hyderābād,Sadhana Infinity International School,2d
Telesales Executive(Only Female),Hyderābād,VITS pvt ltd,11d
Physiotherapy Project Associate,Hyderābād,"BVR Projects Pvt Ltd.,",24h
Hair stylists,Hyderābād,W studio,30d+
Speech Language Pathologist/Speech Therapist,Hyderābād,Teach and Learn Child Development Center,7d
Tele Caller Executive(only female),Hyderābād,VITS pvt ltd,11d
Business Development Officer,Hyderābād,AKR EXPRESS PRIVATE LIMITED,11d
Senior English - Financial District,Hyderābād,Green Gables International School,20d
Facility Executive,India,Harmony United Psychiatric Care,30d+
Swimming Coach Female,Hyderābād,Sadhana Infinity International School,2d
Dental Assistant,Hyderābād,Confidential,5d
Sales and Service engineer,Hyderābād,SAWANT PROCESS SOLUTIONS PRIVATE LIMITED,2d
Registrar,Hyderābād,Paramitha Childrens Hospital Pvt Ltd,18d
Field Sales Executive,Hyderābād,MatSab Job Consultancy,6d
Spoken English Trainer - Offline Job,Mahbubnagar,Unnati,3d
Administrative Manager,Hyderābād,Sheena Biotech Private Limited,1 day ago
Travel Consultant,Hyderābād,TripFriday,3d
Bus Captain,Hyderābād,intrCity by RailYtari,26d
Sales executive,Hyderābād,Furniture expert,21d
.Net Lead,Hyderābād,Infosys,18d
Opening for Freshers in Marketing and Business Communication,Hyderābād,ELIXIR,30d+
Management Trainee,Hyderābād,Alvastra Organisation,16d
Social Media Intern,Hyderābād,MNV Digital Marketing,5d
Learning Associate | WFH,Hyderābād,eduCLaaS,4d
Project Manager - .Net (8-10 years) - Hyderbad,Hyderābād,Infosys,19d
Telecaller,Hyderābād,NATIONAL DENTAL CARE,30d+
Laser Therapist,Telangana,"DERMA DOCK Skin, Hair and Laser Clinic",8d
Office Admin,Hyderābād,DRG Job Placement Manpower Consultant Hyderabad,24h
Sales Assistant,Hyderābād,Bheemaa Infra Solutions Pvt.Ltd,2d
