Title,Location
,4.1
Aptiv plc,Bangalore
Embedded Software Developer,₹2L - ₹3L (Glassdoor Est.)
,4.1
Aptiv plc,Bangalore
Software Embedded Cybersecurity Architect,₹2L - ₹6L (Glassdoor Est.)
,4.1
Aptiv plc,Bangalore
Software Engineering Team Manager,₹6L - ₹10L (Glassdoor Est.)
,Thrissur
GL INFOTECH,₹25T - ₹30T (Employer Est.)
Dot Net Developer,4.1
,Bangalore
Aptiv plc,₹2L - ₹3L (Glassdoor Est.)
Embedded Software Developer – Core Radar,Rājkot
,₹10T - ₹30T (Employer Est.)
GB Technologies,Surat
Laravel Developer,₹2L (Employer Est.)
,3.7
Khushi Ponton Private Limited,Bangalore
Senior BackEnd Developer required,3.7
,Mysore
PLANSEE,₹3L - ₹6L (Glassdoor Est.)
AEM Developer,4.1
,Bangalore
PLANSEE,₹10L (Glassdoor Est.)
SAP ABAP Developer ( W/M/D),3.9
,Bangalore
Aptiv plc,Coimbatore
Matlab Algorithm Developer,₹25T - ₹35T (Employer Est.)
,3.8
Infosys,Chandigarh
Dot Net Developer,4.5
,Maharashtra
BEST IT SOLUTIONS TECHNOLOGY,3.9
Laravel Developer,Bangalore
,Delhi
Chandigarh University,₹20T - ₹60T (Employer Est.)
Senior .Net Developer,Chennai
,₹10L (Employer Est.)
SailPoint,3.9
Senior DevOps Engineer - Azure,Hyderābād
,3.4
GoTo,India
Senior DevOps Engineer,4.5
,Maharashtra
Chipin,Jāmnagar
Senior Software Engineer C#,₹15T (Employer Est.)
,3.4
Cranium It Inc,India
Java aws lead developer,3.9
,Bangalore
Infosys,Thāne
Sr. Systems Engineer - .Net (2-3 years) - Hyderabad,₹8L - ₹18L (Employer Est.)
,4.7
Giant Eagle,Cochin
SR. Software Engineer,₹5L - ₹15L (Employer Est.)
,3.9
SailPoint,Bangalore
Senior DevOps Engineer,4.5
,Maharashtra
NEXT IN,India
Software Developer,₹18T (Employer Est.)
,3.9
Giant Eagle,Hyderābād
Engineer Sr., Software,₹4L - ₹6L (Glassdoor Est.)
,Remote
Infosys,₹9T - ₹34T (Employer Est.)
.Net Full Stack Senior Developer,undefined
,undefined
Intech Online Pvt Ltd,undefined
Software Solution Architect,undefined
,undefined
YUHIRO Technologies Private Limited,undefined
Senior ASP.NET MVC Developer,undefined
,undefined
Infosys,undefined
.NET Core Senior Developer,undefined
,undefined
SailPoint,undefined
Sr. DevOps Engineer - Observability,undefined
,undefined
Vedika Technologies,undefined
Senior Web Developer,undefined
,undefined
Infosys,undefined
.Net Senior Developer,undefined
,undefined
Tpt Techno Solutions,undefined
Junior Software Engineer,undefined
